pos x,pos y,Barrio
-58.47533969,-34.68757022,Villa Riachuelo
-58.50877521,-34.66977709,Mataderos
-58.39040293,-34.63189362,Constitución
-58.46503904,-34.68092974,Villa Lugano
-58.38718297,-34.62246630,Constitución
-58.44451316,-34.68475866,Villa Riachuelo
-58.50095869,-34.60825440,Villa del Parque
-58.50877521,-34.66977709,Mataderos
-58.38048577,-34.61303893,Monserrat
-58.39114932,-34.62477387,Constitución
-58.43760020,-34.59912758,Villa Crespo
-58.36882665,-34.64291993,Barracas
-58.44989671,-34.65970435,Villa Soldati
-58.50990884,-34.65468721,Naon
-58.37952223,-34.60653282,San Nicolás
-58.45157703,-34.63063795,Parque Chacabuco
-58.38144696,-34.61079875,Monserrat
-58.46244952,-34.70524971,Barrio Sarmiento
-58.49216191,-34.54738649,Saavedra
-58.44497874,-34.63852623,Parque Chacabuco
-58.38199706,-34.60028648,San Nicolás
-58.47378664,-34.54153077,Saavedra
-58.47064556,-34.69843756,Villa Riachuelo
-58.40623949,-34.65076549,Nueva Pompeya
-58.39228965,-34.60443527,Balvanera
-58.37813396,-34.63668504,Barracas
-58.46275892,-34.64358293,Flores
-58.49683458,-34.67892743,Villa Lugano
-58.40603217,-34.60883960,Balvanera
-58.46076550,-34.63350444,Flores
-58.46076550,-34.63350444,Flores
-58.47832463,-34.67494416,Villa Lugano
-58.43213235,-34.63693953,Parque Chacabuco
-58.46743471,-34.53476874,Vicente López
-58.38247061,-34.62571878,Constitución
-58.44759966,-34.59170240,Chacarita
-58.37714647568196,-34.63657525428238,Barracas
-58.47305463,-34.68550712,Villa Riachuelo
-58.40623949,-34.65076549,Nueva Pompeya
.,.,
-58.48429180,-34.57558053,Villa Urquiza
-58.48695354,-34.68795245,Villa Lugano
-58.40021959,-34.57964781,Palermo
-58.42957885,-34.57660058,Palermo
-58.38247542,-34.62556293,Constitución
-58.38222219,-34.62728101,Constitución
-58.49485242,-34.62953445,Vélez Sarsfield
-58.45227946,-34.61068024,Caballito
-58.48455411,-34.67512760,Villa Lugano
-58.39056593,-34.58418569,Recoleta
-58.39118948,-34.62704273,San Cristóbal
-58.49021952,-34.62025108,Floresta
-58.49896559,-34.67732118,Villa Lugano
-58.47461076,-34.66874679,Villa Lugano
-58.46210891,-34.60356211,Villa General Mitre
-58.37027770,-34.60536123,San Nicolás
-58.40491455,-34.61463830,Balvanera
-58.45504154,-34.54864492,Núñez
-58.52927982,-34.63931752,Liniers
-58.48721060,-34.55904606,Saavedra
-58.42273092,-34.64228803,Nueva Pompeya
-58.44788671,-34.62539009,Caballito
-58.38110563,-34.60135531,San Nicolás
-58.42378834,-34.65734100,Nueva Pompeya
-58.48727942,-34.63652467,Vélez Sarsfield
-58.37864583,-34.62907067,Barracas
-58.50151750,-34.56767549,Villa Urquiza
-58.43233425,-34.55185825,Belgrano
-58.41971993,-34.61112240,Almagro
-58.46743471,-34.53476874,Vicente López
-58.44362126,-34.62301748,Caballito
-58.51713095,-34.59546519,Villa Devoto
-58.47433193007387,-34.66684950051973,Villa Lugano
-58.39038605,-34.61562810,Monserrat
-58.40042405,-34.62356174,San Cristóbal
-58.52340614,-34.59798754,
-58.49491054,-34.54795581,Saavedra
-58.52932872,-34.65014993,Liniers
-58.50011639,-34.67316502,Villa Lugano
-58.46635001,-34.65624369,Parque Avellaneda
-58.45343236,-34.58435809,Chacarita
-58.38090932,-34.58927731,Retiro
-58.37157668,-34.65429986,Barracas
-58.52280139,-34.63659934,Liniers
-58.51232237,-34.65903530,Naon
-58.47461905,-34.57663634,Villa Ortúzar
-58.38268809,-34.62282019,Constitución
-58.49603546,-34.64564271,Mataderos
-58.41848605,-34.59394733,Palermo
-58.48935041,-34.54917673,Saavedra
-58.44451316,-34.68475866,Villa Riachuelo
-58.39936478,-34.58271474,Palermo
-58.37936704,-34.62694503,Constitución
-58.49659234,-34.56353635,Saavedra
-58.47256391,-34.65194557,Parque Avellaneda
-58.45130953,-34.64053676,Flores
-58.46271207,-34.62884871,Flores
-58.49020869,-34.64243791,Villa Luro
-58.52572109,-34.62125906,Villa Real
-58.52572109,-34.62125906,Villa Real
-58.44094791,-34.66677111,Villa Soldati
-58.41914024,-34.63053890,Boedo
-58.37910942,-34.62764717,Constitución
-58.39871183,-34.64539318,Barracas
-58.41036975,-34.62477021,San Cristóbal
-58.40204698,-34.58342690,Palermo
-58.48935287,-34.67648597,Villa Lugano
-58.42260225,-34.56403694,Palermo
.,.,
-58.51537091,-34.59035925,Villa Devoto
-58.45909670,-34.55922742,Belgrano
-58.42008769,-34.56539579,Palermo
-58.45566399,-34.56147293,Belgrano
-58.37533517,-34.59276462,Retiro
-58.44451316,-34.68475866,Villa Riachuelo
-58.35975012,-34.63343907,La Boca
-58.44523595,-34.55953855,Belgrano
-58.39626094,-34.63036565,Parque Patricios
-58.38896772,-34.61799615,Constitución
-58.46536113,-34.59484504,La Paternal
-58.40879146,-34.65273216,Nueva Pompeya
.,.,
-58.46451841,-34.64991946,Flores
-58.42917090,-34.59485488,Villa Crespo
-58.49007772,-34.68251141,Villa Lugano
-58.52756365,-34.62772274,Versalles
-58.40638983,-34.61943202,San Cristóbal
-58.47576807,-34.61740997,Villa Santa Rita
-58.44451316,-34.68475866,Villa Riachuelo
-58.51927194,-34.63635787,Liniers
-58.42525456,-34.57866344,Palermo
-58.45396573,-34.58518167,Chacarita
-58.52340614,-34.59798754,
-58.42323628,-34.64119105,Nueva Pompeya
-58.36926144,-34.62841919,La Boca
-58.42323628,-34.64119105,Nueva Pompeya
-58.47935434,-34.55676497,Saavedra
-58.50598256,-34.56379980,Saavedra
-58.36607137,-34.62150748,Puerto Madero
-58.41918902,-34.63174259,Boedo
-58.46749188,-34.63551751,Flores
.,.,
-58.46064174,-34.62960517,Flores
-58.36956186,-34.61232875,Monserrat
-58.40966671,-34.58788235,Palermo
-58.40288226,-34.61544091,Balvanera
-58.46594230,-34.61028571,Villa General Mitre
-58.38957669,-34.64410277,Barracas
-58.38161660,-34.61529543,Monserrat
-58.43917004,-34.58494351,Palermo
-58.41595919,-34.62743346,Boedo
-58.43564880,-34.62828656,Caballito
-58.50073810,-34.54979510,Saavedra
-58.40969005,-34.65055290,Nueva Pompeya
-58.38972622,-34.65098981,Barracas
-58.49185972,-34.55046754,Saavedra
-58.39293417,-34.59963642,Recoleta
-58.38099494,-34.62288231,Constitución
-58.42901200,-34.58095431,Palermo
-58.50877521,-34.66977709,Mataderos
-58.38362373,-34.60509972,San Nicolás
-58.46589308,-34.62955795,Flores
-58.43614426,-34.65424640,Flores
-58.41842777,-34.64979057,Nueva Pompeya
-58.41842777,-34.64979057,Nueva Pompeya
-58.38332245,-34.63193250,Constitución
-58.45475488,-34.61196327,Caballito
-58.48501341,-34.64742455,Parque Avellaneda
-58.47010988,-34.65872088,Parque Avellaneda
-58.40997560,-34.62873635,San Cristóbal
-58.48892175,-34.68359163,Villa Lugano
-58.52466448,-34.60325478,Villa Devoto
-58.42554218,-34.57929036,Palermo
-58.35881506,-34.61113641,Puerto Madero
-58.35881506,-34.61113641,Puerto Madero
-58.35881506,-34.61113641,Puerto Madero
-58.51452347,-34.58159762,Villa Pueyrredón
-58.51452347,-34.58159762,Villa Pueyrredón
-58.38896772,-34.61799615,Constitución
-58.44516857,-34.64363363,Flores
-58.43834197,-34.54560369,Belgrano
-58.45485084,-34.63531854,Flores
.,.,
-58.52449285,-34.62454175,Versalles
-58.46713742,-34.67198790,Villa Lugano
-58.43850413,-34.65554754,Villa Soldati
.,.,
.,.,
.,.,
-58.49413799,-34.68095739,Villa Lugano
-58.37547846,-34.65326075,Barracas
-58.48680218,-34.58689719,Agronomía
-58.49563989,-34.57962262,Villa Pueyrredón
-58.38403232,-34.59915940,Retiro
-58.38223382,-34.62693865,Constitución
-58.45966521,-34.67323292,Villa Lugano
-58.39303911,-34.59871111,Recoleta
-58.51262106,-34.63395999,Liniers
-58.38118367,-34.61646839,Monserrat
-58.37653284,-34.60582475,San Nicolás
-58.37709334,-34.64035082,Barracas
-58.46002142,-34.60409469,Villa General Mitre
-58.43381970,-34.62801894,Parque Chacabuco
-58.43580656,-34.66437532,Villa Soldati
-58.52173071,-34.65997463,Naon
-58.50791763,-34.59804273,Villa Devoto
-58.49175088,-34.58226957,Villa Pueyrredón
-58.40781467,-34.60425669,Balvanera
-58.52567073,-34.63787791,Liniers
-58.38154200,-34.60906385,Monserrat
-58.38526125,-34.57805810,Recoleta
-58.42934104,-34.58451712,Palermo
-58.40657493,-34.61781124,Balvanera
-58.49525314,-34.64487785,Villa Luro
-58.39092851,-34.62932696,Constitución
-58.49603546,-34.64564271,Mataderos
-58.38502878,-34.58703485,Recoleta
-58.37261143,-34.63150425,Barracas
-58.51876802,-34.63905965,Liniers
-58.41095567,-34.61516101,Balvanera
-58.36797542,-34.62519403,San Telmo
-58.51514709,-34.64787051,Liniers
-58.51925642,-34.59171721,Villa Devoto
-58.48671535,-34.54321216,Florida
-58.38268809,-34.62282019,Constitución
-58.43633522,-34.54966288,Belgrano
-58.52640838,-34.61765855,Villa Real
-58.41894306,-34.59778875,Almagro
-58.46756026,-34.54972741,Núñez
-58.45715752,-34.63132912,Flores
-58.42406784,-34.56213916,Palermo
-58.39674470,-34.61512051,Balvanera
-58.44537508,-34.57084818,Colegiales
-58.40056767,-34.65107080,Barracas
-58.38109568,-34.61853244,Constitución
-58.42533612,-34.58035258,Palermo
-58.46062311,-34.54395182,Núñez
-58.49491054,-34.54795581,Saavedra
-58.49491054,-34.54795581,Saavedra
-58.47130269,-34.63665402,Parque Avellaneda
-58.37048800,-34.60189492,San Nicolás
-58.42023854,-34.64234110,Nueva Pompeya
-58.45807401,-34.63997430,Flores
-58.45807401,-34.63997430,Flores
-58.37697717,-34.59573848,Retiro
-58.39100580,-34.58498660,Recoleta
-58.42182126,-34.63089661,Boedo
-58.51389422,-34.58075791,Villa Pueyrredón
-58.37585415,-34.65232158,Barracas
-58.47297505,-34.66245085,Villa Lugano
-58.46855503,-34.67216349,Villa Lugano
-58.44254033,-34.59185043,Villa Crespo
-58.46622247,-34.67926929,Villa Lugano
-58.48003734,-34.68148508,Villa Lugano
-58.48003734,-34.68148508,Villa Lugano
-58.41192137,-34.59800248,Recoleta
-58.44034689,-34.61349731,Caballito
-58.47155277,-34.64925746,Parque Avellaneda
-58.47883099,-34.59967065,Villa del Parque
-58.46552171,-34.69374130,Villa Riachuelo
-58.44239720,-34.66777987,Villa Soldati
-58.47032551,-34.59626814,La Paternal
-58.41827843,-34.65522746,Nueva Pompeya
-58.51280715,-34.59279388,Villa Devoto
-58.46258582,-34.64385704,Flores
-58.45064148,-34.68003614,Villa Soldati
.,.,
-58.42717783,-34.62513374,Caballito
-58.46442001,-34.60724519,Villa General Mitre
-58.47064556,-34.69843756,Villa Riachuelo
-58.41677733,-34.61223119,Almagro
-58.50251790,-34.67450313,Villa Lugano
-58.40708125,-34.62438894,San Cristóbal
-58.36947198,-34.61477051,Monserrat
-58.51140889,-34.63934531,Liniers
-58.37460912,-34.65559133,Barracas
-58.41146277,-34.65073916,Nueva Pompeya
-58.42855267,-34.61829385,Almagro
-58.42855267,-34.61829385,Almagro
-58.39035581,-34.63412287,Parque Patricios
-58.45593915,-34.62656868,Flores
-58.52866211,-34.64597065,Liniers
-58.52037476,-34.59407024,Villa Devoto
-58.38896772,-34.61799615,Constitución
-58.47074114,-34.62771756,Flores
-58.48200819,-34.65969965,Mataderos
-58.39536773,-34.62297346,San Cristóbal
-58.37456088,-34.61895467,San Telmo
-58.44860217,-34.60395657,Villa Crespo
-58.46129513,-34.54332766,Núñez
-58.36907201,-34.61953517,San Telmo
-58.44062219,-34.62499107,Caballito
-58.52502765,-34.63601265,Liniers
-58.36659655,-34.61687778,Puerto Madero
-58.36737389,-34.62763661,La Boca
-58.49807953,-34.63038658,Vélez Sarsfield
-58.39092703,-34.59088447,Recoleta
-58.46912006,-34.68049201,Villa Lugano
-58.48661286,-34.56786129,Villa Urquiza
-58.44074927,-34.65080597,Flores
-58.38636298,-34.64684275,Barracas
-58.38636298,-34.64684275,Barracas
-58.37533517,-34.59276462,Retiro
-58.46963952,-34.63070603,Flores
-58.37207554,-34.64543658,Barracas
-58.39189441,-34.59176378,Recoleta
-58.45012957,-34.66518343,Villa Soldati
-58.40184094,-34.64546845,Parque Patricios
-58.37441153,-34.63966783,Barracas
-58.44110156,-34.62082399,Caballito
-58.47087351,-34.57827342,Villa Ortúzar
-58.45962210,-34.62245140,Flores
-58.41657793,-34.65476216,Nueva Pompeya
-58.41657793,-34.65476216,Nueva Pompeya
-58.41911301,-34.63722107,Boedo
-58.47120586,-34.64251042,Parque Avellaneda
-58.47418944,-34.62049672,Flores
-58.46720441,-34.57905579,Villa Ortúzar
-58.46909362,-34.61779710,Flores
-58.44704343,-34.56888640,Palermo
-58.50535541,-34.62902048,Villa Luro
-58.40021675,-34.59522198,Recoleta
-58.46325991,-34.62919627,Flores
-58.49471482,-34.59694755,Villa del Parque
-58.39872610,-34.59975962,Balvanera
-58.38872177,-34.60885045,San Nicolás
-58.38872177,-34.60885045,San Nicolás
.,.,
-58.45686132,-34.57305993,Colegiales
-58.42281627,-34.64282424,Nueva Pompeya
-58.38666024,-34.63953396,Barracas
-58.49122843,-34.61207587,Villa Santa Rita
-58.40098306,-34.61866627,Balvanera
-58.45448963,-34.57916920,Colegiales
-58.52927982,-34.63931752,Liniers
-58.44759966,-34.59170240,Chacarita
-58.46411215,-34.62925068,Flores
-58.46213220,-34.55395823,Núñez
-58.45669422,-34.56203610,Belgrano
-58.35977160,-34.64341878,La Boca
-58.49820145,-34.59070093,Agronomía
-58.41059280,-34.59939180,Balvanera
-58.47969138,-34.57121563,Villa Urquiza
-58.40351561,-34.61883916,San Cristóbal
-58.51973844,-34.63918987,Liniers
-58.39311376,-34.62163006,San Cristóbal
-58.43531242,-34.59082159,Villa Crespo
-58.41178165,-34.63035454,Parque Patricios
-58.37048800,-34.60189492,San Nicolás
-58.39883882,-34.61964833,San Cristóbal
-58.44110156,-34.62082399,Caballito
-58.37093138,-34.59952725,San Nicolás
-58.45855262,-34.63953253,Flores
-58.38161909,-34.59283447,Retiro
-58.45511899,-34.58698157,Chacarita
-58.37724226,-34.62973033,Barracas
-58.45546217,-34.62930339,Flores
-58.39897064,-34.59954925,Recoleta
-58.40917826,-34.62126274,San Cristóbal
-58.36726348,-34.61099738,Puerto Madero
-58.48267426,-34.68454456,Villa Lugano
-58.39546165,-34.65168841,Barracas
-58.46941984,-34.63376545,Flores
-58.40367321,-34.58129246,Palermo
-58.52932872,-34.65014993,Liniers
-58.40917826,-34.62126274,San Cristóbal
-58.41264127,-34.59473294,Recoleta
-58.50877521,-34.66977709,Mataderos
-58.51232237,-34.65903530,Naon
-58.44744156,-34.64567171,Flores
-58.49441273,-34.65869968,Mataderos
-58.47976785,-34.69153196,Villa Riachuelo
-58.36523349,-34.62260331,Puerto Madero
-58.39118948,-34.62704273,San Cristóbal
-58.39118948,-34.62704273,San Cristóbal
-58.49019551,-34.65015854,Mataderos
-58.41644362,-34.63023775,Boedo
-58.50073810,-34.54979510,Saavedra
-58.39626094,-34.63036565,Parque Patricios
-58.43284809,-34.67051543,Villa Soldati
-58.52280139,-34.63659934,Liniers
-58.42336930,-34.59774487,Villa Crespo
-58.38691681,-34.63105973,Constitución
-58.41169020,-34.58579880,Palermo
-58.46739825,-34.65117757,Parque Avellaneda
-58.44483258,-34.67152226,Villa Soldati
-58.43254025,-34.66128115,Villa Soldati
-58.47199387,-34.69640164,Villa Riachuelo
-58.47199387,-34.69640164,Villa Riachuelo
-58.46411215,-34.62925068,Flores
-58.36217754,-34.62367156,Puerto Madero
-58.48098594,-34.54073130,Saavedra
-58.41083404,-34.64640709,Parque Patricios
-58.44609828,-34.64446729,Flores
-58.37709334,-34.64035082,Barracas
-58.46963952,-34.63070603,Flores
-58.43674281,-34.55161027,Belgrano
-58.40596860,-34.61011987,Balvanera
-58.36154069,-34.60463618,Puerto Madero
-58.37062179,-34.60066507,San Nicolás
-58.43220014,-34.60207186,Almagro
-58.46958442,-34.64949724,Parque Avellaneda
-58.44671397,-34.59970903,Villa Crespo
-58.47152163,-34.61474911,Villa General Mitre
-58.39032921,-34.61807951,Monserrat
-58.52887773,-34.64297861,Liniers
-58.49371157,-34.67981324,Villa Lugano
-58.48266599,-34.66012327,Mataderos
-58.40612253,-34.60774301,Balvanera
-58.43613623,-34.66292532,Villa Soldati
-58.48250732,-34.57208238,Villa Urquiza
-58.49945705,-34.63743280,Villa Luro
-58.47743966,-34.67233407,Villa Lugano
-58.50251790,-34.67450313,Villa Lugano
-58.52144411,-34.63682499,Liniers
-58.41650465,-34.65084045,Nueva Pompeya
-58.52994219,-34.64055918,Liniers
-58.50993046,-34.56919739,Villa Martelli
-58.52844623,-34.64592873,Liniers
-58.52844623,-34.64592873,Liniers
-58.45021367,-34.58695347,Chacarita
-58.49022072,-34.62770192,Vélez Sarsfield
-58.36860866,-34.60106568,San Nicolás
-58.39490504,-34.57241534,Recoleta
-58.46963952,-34.63070603,Flores
-58.42349365,-34.64019887,Nueva Pompeya
-58.37471802,-34.61265002,Monserrat
-58.46438789,-34.62913916,Flores
-58.38481975,-34.61100424,Monserrat
-58.50751833,-34.62073702,Monte Castro
-58.44682986,-34.63888084,Parque Chacabuco
-58.36004650,-34.61381341,Puerto Madero
-58.41509546,-34.62085945,Boedo
-58.50997604,-34.57251072,Villa Pueyrredón
-58.48606475,-34.64047818,Parque Avellaneda
-58.38526125,-34.57805810,Recoleta
-58.45463662,-34.65082149,Flores
-58.49121672,-34.59718073,Villa del Parque
-58.47325712,-34.65284605,Parque Avellaneda
-58.52108101,-34.63382309,Liniers
-58.41652702,-34.55509606,Palermo
-58.42891604,-34.61071660,Almagro
-58.47802293,-34.69156793,Villa Riachuelo
-58.37564821,-34.62200207,San Telmo
-58.42668489,-34.56961468,Palermo
-58.42668489,-34.56961468,Palermo
-58.51839930,-34.66252488,Villa Industrial
-58.48432691,-34.67665828,Villa Lugano
-58.43383830,-34.64457699,Parque Chacabuco
-58.51664939,-34.58657938,Villa Devoto
-58.49613012,-34.59703502,Villa del Parque
-58.38313603,-34.63356284,Barracas
-58.39914719,-34.61632317,Balvanera
-58.44927253,-34.54048625,Belgrano
-58.45049163,-34.55374003,Belgrano
-58.41288952,-34.63572989,Boedo
-58.45743597,-34.62561234,Flores
-58.39123782,-34.62352245,Constitución
-58.52922765,-34.63637963,Liniers
-58.37208118,-34.58541957,Retiro
-58.41458534,-34.60937557,Balvanera
-58.47976785,-34.69153196,Villa Riachuelo
-58.39990285,-34.59511714,Recoleta
-58.46051346,-34.60588536,Villa General Mitre
-58.47976785,-34.69153196,Villa Riachuelo
-58.45457546,-34.62447891,Flores
-58.36951669,-34.59832047,San Nicolás
-58.46415322,-34.60443790,Villa General Mitre
-58.36607137,-34.62150748,Puerto Madero
-58.45537373,-34.65093074,Flores
-58.37942637,-34.60053054,San Nicolás
-58.43680440,-34.62147504,Caballito
-58.40778291,-34.61971907,San Cristóbal
-58.45212523,-34.54628513,Belgrano
-58.46749188,-34.63551751,Flores
-58.44263580,-34.63679732,Parque Chacabuco
-58.51140289,-34.65846419,Naon
-58.38211431,-34.62465368,Constitución
-58.36951669,-34.59832047,San Nicolás
-58.41635217,-34.62036547,Almagro
-58.41316147,-34.57579669,Palermo
-58.47617802,-34.53825652,Vicente López
-58.38641783,-34.63330028,Barracas
-58.45322169,-34.62038137,Caballito
-58.45849057,-34.56166498,Belgrano
-58.41829559,-34.59411677,Palermo
-58.36376488,-34.63832093,La Boca
-58.46442668,-34.66004784,Parque Avellaneda
-58.48222035,-34.58428769,Parque Chas
-58.36819005,-34.60283208,Puerto Madero
-58.45877601,-34.62330939,Flores
-58.44196498,-34.55760517,Belgrano
-58.50622631,-34.63627822,Liniers
-58.38410880,-34.63099197,Constitución
-58.48100602,-34.63504312,Vélez Sarsfield
-58.45200171,-34.55781320,Belgrano
-58.44462132,-34.56201105,Belgrano
-58.45220688,-34.58711712,Chacarita
-58.45962210,-34.62245140,Flores
-58.41970850,-34.65414867,Nueva Pompeya
-58.44187596,-34.64938031,Flores
-58.49101637,-34.64276621,Villa Luro
-58.42493829,-34.66256502,Villa Soldati
-58.40489318,-34.62930162,Parque Patricios
-58.42686680,-34.59217875,Palermo
-58.47961100,-34.65620398,Parque Avellaneda
-58.47439934,-34.63524207,Floresta
-58.46711912,-34.57926018,Villa Ortúzar
-58.46514781,-34.53465378,Núñez
-58.37571078,-34.65584079,Barracas
-58.37157668,-34.65429986,Barracas
-58.39811256,-34.58070186,Palermo
-58.41125934,-34.65417740,Nueva Pompeya
-58.41822901,-34.61866836,Almagro
-58.47617802,-34.53825652,Vicente López
-58.46141281,-34.58623761,Chacarita
-58.42985146,-34.66119740,Villa Soldati
-58.48457413,-34.65839090,Mataderos
-58.46572884,-34.63628186,Flores
-58.49261744,-34.63419130,Vélez Sarsfield
-58.45283186,-34.58841560,Chacarita
-58.47973681,-34.57418656,Villa Urquiza
-58.40623949,-34.65076549,Nueva Pompeya
-58.36244648,-34.63107887,La Boca
-58.49962423,-34.64868027,Mataderos
-58.44551437,-34.59559816,Villa Crespo
-58.35608181,-34.63420319,La Boca
-58.46483679,-34.60907662,Villa General Mitre
-58.44368628,-34.59724326,Villa Crespo
-58.37864583,-34.62907067,Barracas
-58.37560352,-34.62726382,San Telmo
-58.47721439,-34.64815069,Parque Avellaneda
-58.45134029,-34.58984288,Chacarita
-58.49040794,-34.58368803,Villa Pueyrredón
-58.42102679,-34.64991178,Nueva Pompeya
-58.52219407,-34.64143926,Liniers
-58.52169422,-34.59471640,Villa Devoto
-58.47460416,-34.63206174,Floresta
-58.50512382,-34.61520391,Monte Castro
-58.43910409,-34.59213355,Villa Crespo
-58.45019436,-34.64646409,Flores
-58.39337644,-34.60927582,Balvanera
-58.39055614,-34.60919284,San Nicolás
-58.41036975,-34.62477021,San Cristóbal
-58.44925765,-34.65412546,Villa Soldati
-58.38156850,-34.61648696,Monserrat
-58.40662899,-34.59804521,Balvanera
-58.41985649,-34.60600850,Almagro
-58.38099833,-34.62214953,Constitución
-58.41803309,-34.61823178,Almagro
-58.40604003,-34.61783553,Balvanera
-58.47549929,-34.57994061,Parque Chas
-58.51398484,-34.61600366,Villa Devoto
-58.36797542,-34.62519403,San Telmo
-58.37133616,-34.59879316,San Nicolás
-58.39613805,-34.61413568,Balvanera
-58.44903073,-34.54200276,Belgrano
-58.41972364,-34.62846670,Boedo
-58.40571596,-34.60557123,Balvanera
-58.41451590,-34.59488319,Recoleta
-58.47297505,-34.66245085,Villa Lugano
-58.35791192,-34.63695178,La Boca
-58.50801713,-34.65177305,Naon
-58.40258477,-34.60975108,Balvanera
.,.,
-58.48267426,-34.68454456,Villa Lugano
-58.44248936,-34.60221948,Villa Crespo
-58.52909134,-34.63886726,Liniers
-58.45158942,-34.60646580,Caballito
-58.49344309,-34.65788529,Mataderos
-58.44259166,-34.59635137,Villa Crespo
-58.46743471,-34.53476874,Vicente López
-58.41178158,-34.60922259,Balvanera
-58.45068621,-34.63638927,Parque Chacabuco
-58.42016954,-34.58778790,Palermo
-58.43850413,-34.65554754,Villa Soldati
-58.40617526,-34.58345898,Recoleta
-58.40617526,-34.58345898,Recoleta
.,.,
-58.38526125,-34.57805810,Recoleta
-58.44750470,-34.63491705,Parque Chacabuco
-58.46745752,-34.68192648,Villa Lugano
-58.37202621,-34.59717942,Retiro
-58.42779702,-34.62207347,Caballito
-58.46244952,-34.70524971,Barrio Sarmiento
-58.48440160,-34.60776782,Villa del Parque
-58.46668375,-34.65174801,Flores
-58.44958780,-34.59322448,Chacarita
-58.37533517,-34.59276462,Retiro
-58.42525456,-34.57866344,Palermo
-58.48493828,-34.62981124,Floresta
-58.40480504,-34.60183884,Balvanera
-58.41125934,-34.65417740,Nueva Pompeya
-58.39956546,-34.62977080,Parque Patricios
-58.49005682,-34.57868970,Villa Urquiza
-58.47064556,-34.69843756,Villa Riachuelo
-58.47501560,-34.61945902,Villa Santa Rita
-58.48727942,-34.63652467,Vélez Sarsfield
-58.37951690,-34.62794241,Constitución
-58.47750832,-34.65672199,Parque Avellaneda
-58.44927253,-34.54048625,Belgrano
-58.39246272,-34.61253541,Balvanera
-58.52783814,-34.61047001,Villa Devoto
-58.52783814,-34.61047001,Villa Devoto
-58.49332664,-34.54836855,Saavedra
-58.50178784,-34.63593897,Villa Luro
-58.41657793,-34.65476216,Nueva Pompeya
-58.39731474,-34.58307887,Recoleta
-58.38746381,-34.61790839,Monserrat
-58.39189441,-34.59176378,Recoleta
-58.46749188,-34.63551751,Flores
-58.40280471,-34.62113271,San Cristóbal
-58.44451316,-34.68475866,Villa Riachuelo
-58.47110424,-34.62742408,Flores
-58.38220928,-34.60373898,San Nicolás
-58.49794468,-34.61565025,Monte Castro
-58.47220945,-34.60111373,La Paternal
-58.47220945,-34.60111373,La Paternal
-58.43706741,-34.63217813,Parque Chacabuco
-58.49332664,-34.54836855,Saavedra
-58.37960727,-34.62622851,Constitución
-58.51061062,-34.64972472,Liniers
-58.43052224,-34.62941648,Parque Chacabuco
-58.41455544,-34.63866836,Nueva Pompeya
-58.46774439,-34.64730145,Parque Avellaneda
-58.40786274,-34.56726817,Palermo
-58.48744301,-34.58622275,Agronomía
-58.41657793,-34.65476216,Nueva Pompeya
-58.45351111,-34.61134937,Caballito
-58.50073810,-34.54979510,Saavedra
-58.39144148,-34.59564871,Recoleta
-58.48191128,-34.68385968,Villa Lugano
-58.48727942,-34.63652467,Vélez Sarsfield
-58.48328708,-34.59779521,Villa del Parque
-58.49018543,-34.59724990,Villa del Parque
-58.47230127,-34.68482689,Villa Lugano
-58.38262614,-34.63168269,Barracas
-58.41047268,-34.60793518,Balvanera
-58.49659234,-34.56353635,Saavedra
-58.42462955,-34.60727189,Almagro
-58.41168345,-34.61185625,Balvanera
-58.45157681,-34.55217303,Belgrano
.,.,
-58.49573651,-34.67006054,Villa Lugano
-58.48695354,-34.68795245,Villa Lugano
-58.37562539,-34.64449357,Barracas
-58.49491054,-34.54795581,Saavedra
-58.44147621,-34.64357704,Parque Chacabuco
-58.46899119,-34.63215432,Flores
-58.38685612,-34.63455776,Barracas
-58.38113667,-34.61765323,Constitución
-58.44112678,-34.54538956,Belgrano
-58.41595919,-34.62743346,Boedo
-58.40184094,-34.64546845,Parque Patricios
-58.44642231,-34.65679806,Villa Soldati
-58.52340614,-34.59798754,
-58.46649069,-34.56219075,Coghlan
-58.42653328,-34.57816791,Palermo
-58.50407099,-34.65303372,Naon
-58.46743471,-34.53476874,Vicente López
-58.40986646,-34.57728060,Palermo
-58.51739138,-34.63931792,Liniers
-58.50719962,-34.65556223,Naon
-58.46712311,-34.64600222,Parque Avellaneda
-58.37709334,-34.64035082,Barracas
-58.46033141,-34.58569883,Chacarita
-58.42190745,-34.65633192,Nueva Pompeya
-58.49026573,-34.56981410,Villa Urquiza
-58.45410344,-34.66902702,Villa Soldati
-58.44751621,-34.55719892,Belgrano
-58.42040352,-34.66005171,Nueva Pompeya
-58.49530249,-34.68010798,Villa Lugano
-58.44399875,-34.59477360,Villa Crespo
-58.42759813,-34.65463857,Nueva Pompeya
-58.40547222,-34.60456293,Balvanera
-58.42473018,-34.65008280,Nueva Pompeya
-58.39257023,-34.57563957,Recoleta
-58.48941042,-34.54596153,Saavedra
-58.39640740,-34.62783085,San Cristóbal
-58.41971993,-34.61112240,Almagro
-58.40544588,-34.65012801,Nueva Pompeya
-58.42003882,-34.64645957,Nueva Pompeya
-58.46851293,-34.63348678,Flores
-58.52931141,-34.65422917,Barrio El Triángulo
-58.42675754,-34.62699730,Parque Chacabuco
-58.52933723,-34.61098186,
-58.37910943,-34.62764718,Constitución
-58.52161176,-34.61164474,Villa Devoto
-58.41354692,-34.58697680,Palermo
-58.43960781,-34.65470804,Villa Soldati
-58.40454610,-34.60003693,Balvanera
-58.39303911,-34.59871111,Recoleta
-58.39391034,-34.58405348,Recoleta
-58.50073810,-34.54979510,Saavedra
-58.38281301,-34.62786038,Constitución
-58.43980799,-34.65094083,Flores
-58.44402387,-34.62933109,Caballito
-58.42779702,-34.62207347,Caballito
-58.40944147,-34.60097942,Balvanera
-58.38277479,-34.59430160,Retiro
-58.37627355,-34.63800916,Barracas
-58.39591856,-34.62453459,San Cristóbal
-58.45829717,-34.56015762,Belgrano
-58.49142611,-34.64584795,Parque Avellaneda
-58.51271409,-34.57786555,Villa Pueyrredón
-58.44864864,-34.62352826,Caballito
-58.37795815,-34.59167894,Retiro
-58.45531707,-34.55555257,Belgrano
-58.47633683,-34.62140594,Flores
-58.38188582,-34.60256036,San Nicolás
-58.51989389,-34.62284918,Monte Castro
-58.40596860,-34.61011987,Balvanera
-58.43353773,-34.64561636,Nueva Pompeya
-58.46739825,-34.65117757,Parque Avellaneda
-58.47293407,-34.61984745,Flores
-58.47066794,-34.65021673,Parque Avellaneda
-58.37976155,-34.58679619,Retiro
